INSERT INTO USER VALUES('Vijay','$2a$10$I21ZMMPPBRz4SznJvWAhuOl4tGDObkZ9IHW1BdtMh66u1kO0y/H5q','Vijay','6546546545','vijay@yahoo.com','12/05/1990','11, Vijay Colony, Chennai','654654','1200','1500');
INSERT INTO USER VALUES('mahesh_111','$2a$10$qpwV8xqppBzdEJHOsc1w2On/6.U4Kq25fIPbcjolvu44/hFFKu472','Mahesh Arvind','3855573124','mahesh_111@gmail.com','17/10/1990','107- 110, 18, Kanchanjunga Building, Barakhamba Road, Connaught Place, Delhi','110001','100','100');
INSERT INTO USER VALUES('vinod_akshay','$2a$10$NWYbaw2iJH5chWZH98VCwu6026DLILQoHLT1OsVNbrKgQJ9JV1Ug6','Vinod Akshay','3855576141','vinod_akshay829@yahoo.com','25/06/1985','2nd Flr, Fateh Menzil, Parmanand Marg, Girgaon, Mumbai ','400004','1','1');
INSERT INTO USER VALUES('rahulsingh','$2a$10$yxYaFQFVVldfNKTlDJ07i.B5UfilZeLmco0HOw.am1VGiSkD09yvG','Rahul Singh','3857402900','r_singh@gmail.com','30/03/1987','2 Dalwai Annexe Estate, Jogeshwari (west), Mumbai','400102','2','2');
INSERT INTO USER VALUES('prabha_vijay','$2a$10$87cE0e3sarNZ5kYrun8Nju2Mx8OeDNPGAGShtNN5.FEn1b.4oNWwG','Prabhakaran Vijay','3850683136','prabha_vijay8787@gmail.com','01/08/1986','234, Sv Lane, Nr Hotel Vijay Vihar, Chickpet, Bangalore','560053','2','2');
INSERT INTO USER VALUES('r_bishnoi','$2a$10$4kx6PYg65XGqwpobv2vCbOsPIahyGTPnXKvR3qKub/Msqzd9axsWO','Rohit Bishnoi','3854874159','rohit_b@gmail.com','10/10/1980','Gala No.4, Hindustan Kohinoor Cmplx, Lbs Marg, Vikhroli (west), Mumbai','400083','21','21');
INSERT INTO USER VALUES('shahid123','$2a$10$wnFnZiXxtH.MoSZiaeh0XO6geuL.4JINONFv80P6jM9h3Kfg1ZgqK','Shahid Khan','3853338941','shahid123@yahoo.com','29/01/1986','1, Rangkrupa Chambers, C.g. Road, Nr. Parimal Garden, Ellisbridge,  Ahmedabad','380006','1000','1000');
INSERT INTO USER VALUES('gill_kamlesh','$2a$10$sgGwUVnKMigVQ3BSkUDRtuUm8XEUqkwm.4ZwEOTYVLM9cYFMq1be6','Kamlesh Gill','3851234567','gill_kamlesh@gmail.com','12/12/1982','M 8, Shivam House Comm Comple, Karampura, Delhi','110015','654654','654654');
INSERT INTO USER VALUES('prabhatkapoor','$2a$10$rRjPLsjimIdOaTMvb/XOv.fYJ4pB2pooBeJMU7mbKIpVImyJJU9H2','Prabhat Kapoor ','3853334444','prabhatkapoor1983@gmail.com','15/09/1983','1, Yogesh Soc, Ram Maruti Rd, Nr Vandana Talkies, next To Ramkrish, Thane (west), Mumbai ','400602','12000','12000');
INSERT INTO USER VALUES('arvind_mishra','$2a$10$kf5r7DKvIBSTxAuQRhm7X.6MzTxspnt4jVDn41hzDXLVUAfpvAZjC','Arvind Mishra','3863331234','arvindmishra@gmail.com','16/09/1984','1, Maharishi Homes, Gandhi Road, Lotus Avenue, Waziabad, Ranchi','756432','13000','13000');





INSERT INTO POLICY VALUES ('Aarogya Sethu','1','can be claimed only during the event of an kidney failure','20','1')
INSERT INTO POLICY VALUES ('Aarogya Surakshan','1','can be claimed only during the event of an heart attack','20','1')
INSERT INTO POLICY VALUES ('Gaadi Surakshan','2','can be claimed only during the event of a road accident','19','1')
INSERT INTO POLICY VALUES ('Ghar Aanand','3','can be claimed only during the event of a house explosion','5','0')
INSERT INTO POLICY VALUES ('Ghar Surakshan','3','can be claimed only during the event of a fire accident','5','0')
INSERT INTO POLICY VALUES ('Ghumne ka Aanand','4','can be claimed only during the event of a tractor break down','32','1')
INSERT INTO POLICY VALUES ('Ghumo Befikar','4','can be claimed only during the event of a truck break down','33','1')
INSERT INTO POLICY VALUES ('Ghumthe Raho','4','can be claimed only during the event of a bus collision','42','1')
INSERT INTO POLICY VALUES ('Jeevan Akshay','0','can be claimed only during the event of a bike accident','12','1')
INSERT INTO POLICY VALUES ('Jeevan Dharan','0','can be claimed only during the event of an car accident','10','1')




INSERT INTO ADMIN VALUES('anirudhtamilarasan@gmail.com','$2a$10$jlBowZCJnQcJJrxlvbUvJuq2mT.esrIRUqG3X2oiuV7DfbfQ.bwza','Anirudh Tamilarasan','#5, Ashok Nagar, Kodambakkam, Chennai','600024','6098754321','09/09/1989','B+');

INSERT INTO ADMIN VALUES('chaitanyaulv@gmail.com','$2a$10$PxwP5UJ0xK/WRsbiDTgqHOSbMir0mMEmmQdbk2L.loGFVlQwfVgxO','Chaitanya U L V','#102, Basvanpura main road, K.R Puram, Bangalore ','560036','7658901236','03/03/1991','B+');

INSERT INTO ADMIN VALUES('deepakchahar@gmail.com','$2a$10$XPRjiGdxPP1NL/mt/Np13ugt8ZM26pIYPEEG8yzAAfx5bDFhaEicO','Deppak Chahar','#12, Chichpada main road, Dombivili, Mumbai','543216','8976554321','05/09/1995','A+');

INSERT INTO ADMIN VALUES('nithishchennai2@gmail.com','$2a$10$vdWTNBxH0LNDuyMKD4XXlehb.5PE6XN.M/R/HvOQEkJmDWF8MCpVm','Nithish N','New#87, 7th Avenue, Ashok Nagar, chennai','600038','7985461235','12/09/1992','O+');

INSERT INTO ADMIN VALUES('paulvalthathy@gmail.com','$2a$10$ujp/OX1f7iDusvJk7t16pePmc/s0t0UYu2qiaFdywW/kDidNY4fEG','Paul Valthathy','#100, Sikh Colony, Amritsar','312456','9678543156','15/09/1991','O+');

INSERT INTO ADMIN VALUES('rahulchahar@gmail.com','$2a$10$7w9GH1YjAA8BjmFENzzWmeFsbZqMqrJzzxtbfDcmlTgEO.30/9cZG','Rahul Chahar','#12, Chichpada main road, Dombivili, Mumbai','543216','9786432101','12/08/1992','AB+');

INSERT INTO ADMIN VALUES('ravimyadav@gmail.com','$2a$10$06aybPsqGicnhfacCDbdAeAxrBLrRKpniYsMJSnemvQC.QG8Nt01S','Ravi M Yadav','#3, Ayappa Nagar, Brigade road, Malleshwaram, Bangalore','543212','7432109778','10/10/1993','AB+');

INSERT INTO ADMIN VALUES('rogerbinny@gmail.com','$2a$10$zKE9X4BT7mLMhWDPkV7C9u67Ys4n5WQLozFz4xnGNjAQLSPUN4gsu','Roger Binny','#54, Rahul Layout, Gandhinagar, Bangalore','561234','6123458907','10/02/1989','B+');

INSERT INTO ADMIN VALUES('vishnupriyank1@yahoo.com','$2a$10$ABEQYzuZfEnw6/EcBa4mo.QWjxZ82VGBrMyn3V/Koj/ZgsgviNXYK','Vishnu Priyan K','837 , Anna Salai, Mount Road, chennai','600043','7564564568','11/05/1995','A+');

INSERT INTO ADMIN VALUES('viswanathanmenon@gmail.com','$2a$10$P/PMiQHqT44nadwU/0Lex.rCSL6vCVbeVNRJE11QnnaL0NXnN/C9i','Viswanathan Menon','#43, Rajeev Nagar, Kochuveli main road, Palakkad','456789','9876543210','01/03/1990','A+');



INSERT INTO CUSTOMER_CARE VALUES (NULL,'12/12/2020','Varathan S','23, Nehru street, chennai','5435435434','B-','varathan@gmail.com');
INSERT INTO CUSTOMER_CARE VALUES (NULL,'11/01/1990','Mayawati Kuruvilla K','116 , Sir.p.s.sivasamy Salai, st Floor,mylapore,chennai-600004','7988837853','O+','mayawati213@gmail.com');
INSERT INTO CUSTOMER_CARE VALUES (NULL,'01/11/1995','Krishnan L','A4, Laxmi Shopping Centre, Dattapada Road, Borivli, chennai-600081','6354454076','AB-','krishna234@gmail.com');
INSERT INTO CUSTOMER_CARE VALUES (NULL,'12/12/1993','Veena Kartik A','45 /f Cross Road, New Washermanpet, chennai-600082','8352671516','A-','veenakartik001@gmail.com');
INSERT INTO CUSTOMER_CARE VALUES (NULL,'31/05/1989','Vivek Ram Gopal T','830, Mattson Street, Dattapada Road, Borivli, chennai-600081','6582671516','A+','vivek1989@gmail.com');
INSERT INTO CUSTOMER_CARE VALUES (NULL,'22/07/1988','Surya J','837 , Anna Salai, Mount Road, chennai-600002','9755532167','O+','suryaofficial@gmail.com');
INSERT INTO CUSTOMER_CARE VALUES (NULL,'16/09/1985','Vishnu Pramoth','837 , Srikkanth road, T Nagar, chennai-600003','9768453212','O+','vishnupramoth@gmail.com');
INSERT INTO CUSTOMER_CARE VALUES (NULL,'23/10/1983','David Johnson','#12, Anna Hazare steet, Shelling road, New Delhi -542316','9768453213','B+','davidjohnson@gmail.com');
INSERT INTO CUSTOMER_CARE VALUES (NULL,'12/08/1987','Rahul Singh','#42, Moghul Road, Ravi Colony, Bangalore - 560056','9485763215','AB-','rahulsingh12@gmail.com');
INSERT INTO CUSTOMER_CARE VALUES (NULL,'11/06/1985','Madhav Pandit','#32, Vinod Bhave nagar, Waziabad, Ranchi - 654321','8967452311','B-','madhavpandit@gmail.com');





INSERT INTO Transaction_History VALUES ('mahesh_111','2020-06-02T09:33:42.081Z','1000')
INSERT INTO Transaction_History VALUES ('vinod_akshay','2020-06-02T09:33:42.081Z','11100')
INSERT INTO Transaction_History VALUES ('rahulsingh','2020-03-29T11:50:42.081Z','21211')
INSERT INTO Transaction_History VALUES ('prabha_vijay','2020-09-11T02:12:12.081Z','45000')
INSERT INTO Transaction_History VALUES ('r_bishnoi','2020-06-02T09:33:42.081Z','9500')
INSERT INTO Transaction_History VALUES ('shahid123','2020-12-13T05:40:52.082Z','100000')
INSERT INTO Transaction_History VALUES ('gill_kamlesh','2020-08-01T15:55:46.085Z','190054')
INSERT INTO Transaction_History VALUES ('prabhatkapoor','2020-07-09T08:30:50.081Z','896555')
INSERT INTO Transaction_History VALUES ('Vijay','2020-07-02T10:34:20.081Z','5000')
INSERT INTO Transaction_History VALUES ('arvind_mishra','2020-07-10T08:30:20.081Z','56')


INSERT INTO Policy_Taken VALUES('mahesh_111','Jeevan Dharan','vishnupriyank1@yahoo.com')
INSERT INTO Policy_Taken VALUES('vinod_akshay','Jeevan Akshay','nithishchennai2@gmail.com')
INSERT INTO Policy_Taken VALUES('rahulsingh','Aarogya Surakshan','nithishchennai2@gmail.com')
INSERT INTO Policy_Taken VALUES('prabha_vijay','Gaadi Surakshan','vishnupriyank1@yahoo.com')
INSERT INTO Policy_Taken VALUES('r_bishnoi','Ghar Aanand','vishnupriyank1@yahoo.com')
INSERT INTO Policy_Taken VALUES('shahid123','Ghumthe Raho','nithishchennai2@gmail.com')
INSERT INTO Policy_Taken VALUES('gill_kamlesh','Ghumne ka Aanand','vishnupriyank1@yahoo.com')
INSERT INTO Policy_Taken VALUES('prabhatkapoor','Aarogya Surakshan','vishnupriyank1@yahoo.com')
INSERT INTO Policy_Taken VALUES('arvind_mishra','Ghumthe Raho','nithishchennai2@gmail.com')
INSERT INTO Policy_Taken VALUES('Vijay','Ghar Aanand','vishnupriyank1@yahoo.com')